posicao,idade,contagem,media
Diretor,1639,50,32.78
Professor,916,27,33.925925925925924
Secretario,1284,41,31.317073170731707
