posicao,idade,contagem,media
Diretor,67007881,1999920,33.50528071122845
Professor,67005062,2000054,33.50162645608569
Secretario,66988059,1999384,33.50434883944255
