posicao,idade,contagem,media
Diretor,6721567,200364,33.54677986065361
Professor,6708342,200268,33.496824255497636
Secretario,6672768,199365,33.47010759160334
