posicao,idade,contagem,media
Diretor,10066309,300601,33.487277154766616
Professor,10027110,299354,33.49582768227583
Secretario,10044794,299785,33.5066597728372
